Modelo,Marca,Título,Precio Lista,Precio Especial,Su Precio,Existencias,Código Fiscal,Peso Kg,Descripción,Imagen Principal,Tipo de Cambio,Menu Nvl 1,Menu Nvl 2,Menu Nvl 3,Link SYSCOM,Link Privado,ID Menu Nvl 1,ID Menu Nvl 2,ID Menu Nvl 3,ID Producto,Modelo Limpio,Es Kit,Stock Kits Origen Multiples Sucursales
.0001MF600V,,,0.00,0.00,0,0,------,0,<div style='width: 100%; max-width: 1200px; margin: 0 auto; font-family: sans-serif; line-height: 1.6; color: inherit; background-color: transparent;'><div style='display: flex; flex-wrap: wrap; gap: 30px; margin-bottom: 30px;'><div style='flex: 1 1 300px; min-width: 280px;'><h3 style='font-size: 22px; border-bottom: 2px solid currentColor; padding-bottom: 5px; margin-top: 0; color: inherit; opacity: 0.8;'>Características</h3><ul style='padding-left: 20px; font-size: 15px; color: inherit;'><li style='margin-bottom: 5px;'><strong>Producto:</strong> CAPACITOR .0001MF-600V</li><li style='margin-bottom: 5px;'><strong>Marca:</strong> </li><li style='margin-bottom: 5px;'><strong>Modelo:</strong> .0001MF600V</li></ul></div></div><hr style='border: 0; border-top: 1px solid rgba(150&comma; 150&comma; 150&comma; 0.3); margin: 30px 0;'></div>,,17.13,---,---,---,www.syscom.mx/producto/.0001MF600V--65028.html,http://www.productos-info.com/s/mx/es/104590664/26b2d647a8c20426d5f10ea035da6a35/0/.0001MF600V--65028.html,---,---,---,65028,.0001MF600V,no,0
009CGZS,,,37.00,37.00,22.73,0,------,0,<div style='width: 100%; max-width: 1200px; margin: 0 auto; font-family: sans-serif; line-height: 1.6; color: inherit; background-color: transparent;'></div>,,17.13,---,---,---,www.syscom.mx/producto/009CGZS--70147.html,http://www.productos-info.com/s/mx/es/104590664/26b2d647a8c20426d5f10ea035da6a35/0/009CGZS--70147.html,---,---,---,70147,009CGZS,no,0
01/04/2020,,,0.00,0.00,0,0,------,0,<div style='width: 100%; max-width: 1200px; margin: 0 auto; font-family: sans-serif; line-height: 1.6; color: inherit; background-color: transparent;'><div style='display: flex; flex-wrap: wrap; gap: 30px; margin-bottom: 30px;'><div style='flex: 1 1 300px; min-width: 280px;'><h3 style='font-size: 22px; border-bottom: 2px solid currentColor; padding-bottom: 5px; margin-top: 0; color: inherit; opacity: 0.8;'>Características Generales</h3><ul style='padding-left: 20px; font-size: 15px; color: inherit;'><li style='margin-bottom: 5px;'><strong>Producto:</strong> TUERCA HEXAGONAL 1/4</li><li style='margin-bottom: 5px;'><strong>Marca:</strong> </li><li style='margin-bottom: 5px;'><strong>Modelo:</strong> 01/04/2020</li></ul></div></div><hr style='border: 0; border-top: 1px solid rgba(150&comma; 150&comma; 150&comma; 0.3); margin: 30px 0;'></div>,,17.13,---,---,---,www.syscom.mx/producto/01/04/2020--1304.html,http://www.productos-info.com/s/mx/es/104590664/26b2d647a8c20426d5f10ea035da6a35/0/01042020--1304.html,---,---,---,1304,01/04/2020,no,0
01010610001,,,3519.00,3519.00,2162.07,0,------,0,<div style='width: 100%; max-width: 1200px; margin: 0 auto; font-family: sans-serif; line-height: 1.6; color: inherit; background-color: transparent;'><div style='display: flex; flex-wrap: wrap; gap: 30px; margin-bottom: 30px;'><div style='flex: 1 1 300px; min-width: 280px;'><h3 style='font-size: 22px; border-bottom: 2px solid currentColor; padding-bottom: 5px; margin-top: 0; color: inherit; opacity: 0.8;'>Información del Producto</h3><ul style='padding-left: 20px; font-size: 15px; color: inherit;'><li style='margin-bottom: 5px;'><strong>Producto:</strong> ODU-A 7GHz&comma; TR154&comma; Lo&comma; B1 (7428.0 - 7484.0 MHz)&comma; Circular WG&comma; Neg Pol</li><li style='margin-bottom: 5px;'><strong>Marca:</strong> </li><li style='margin-bottom: 5px;'><strong>Modelo:</strong> 01010610001</li></ul></div></div><hr style='border: 0; border-top: 1px solid rgba(150&comma; 150&comma; 150&comma; 0.3); margin: 30px 0;'></div>,,17.13,---,---,---,www.syscom.mx/producto/01010610001--69269.html,http://www.productos-info.com/s/mx/es/104590664/26b2d647a8c20426d5f10ea035da6a35/0/01010610001--69269.html,---,---,---,69269,01010610001,no,0
01010610002,,,3519.00,3519.00,2162.07,0,------,0,<div style='width: 100%; max-width: 1200px; margin: 0 auto; font-family: sans-serif; line-height: 1.6; color: inherit; background-color: transparent;'><div style='display: flex; flex-wrap: wrap; gap: 30px; margin-bottom: 30px;'><div style='flex: 1 1 300px; min-width: 280px;'><h3 style='font-size: 22px; border-bottom: 2px solid currentColor; padding-bottom: 5px; margin-top: 0; color: inherit; opacity: 0.8;'>Información del Producto</h3><ul style='padding-left: 20px; font-size: 15px; color: inherit;'><li style='margin-bottom: 5px;'><strong>Producto:</strong> ODU-A 7GHz&comma; TR154&comma; Hi&comma; B1 (7582.0 - 7638.0 MHz)&comma; Circular WG&comma; Neg Pol</li><li style='margin-bottom: 5px;'><strong>Marca:</strong> </li><li style='margin-bottom: 5px;'><strong>Modelo:</strong> 01010610002</li></ul></div></div><div style='display: flex; flex-wrap: wrap; gap: 20px; margin-bottom: 30px;'><div style='flex: 1 1 250px; border: 1px solid rgba(150&comma; 150&comma; 150&comma; 0.4); border-radius: 8px; overflow: hidden; display: flex; flex-direction: column;'><div style='padding: 15px; border-bottom: 1px solid rgba(150&comma; 150&comma; 150&comma; 0.2); font-weight: bold; font-size: 18px; color: inherit;'>Especificaciones</div><div style='padding: 15px; color: inherit;'><ul style='padding-left: 20px; margin: 0; font-size: 14px; list-style-type: disc;'><li style='margin-bottom: 5px;'><strong>Modo:</strong> MEJORAR_BASICO</li><li style='margin-bottom: 5px;'><strong>Frecuencia:</strong> 7582.0 - 7638.0 MHz</li><li style='margin-bottom: 5px;'><strong>Tipo:</strong> Circular WG</li><li style='margin-bottom: 5px;'><strong>Polarización:</strong> Neg Pol</li><li style='margin-bottom: 5px;'><strong>Estándar:</strong> TR154</li></ul></div></div></div><hr style='border: 0; border-top: 1px solid rgba(150&comma; 150&comma; 150&comma; 0.3); margin: 30px 0;'></div>,,17.13,---,---,---,www.syscom.mx/producto/01010610002--69270.html,http://www.productos-info.com/s/mx/es/104590664/26b2d647a8c20426d5f10ea035da6a35/0/01010610002--69270.html,---,---,---,69270,01010610002,no,0
01010610029,,,3509.00,3509.00,2155.92,0,------,0,<div style='width: 100%; max-width: 1200px; margin: 0 auto; font-family: sans-serif; line-height: 1.6; color: inherit; background-color: transparent;'><div style='display: flex; flex-wrap: wrap; gap: 30px; margin-bottom: 30px;'><div style='flex: 1 1 300px; min-width: 280px;'><h3 style='font-size: 22px; border-bottom: 2px solid currentColor; padding-bottom: 5px; margin-top: 0; color: inherit; opacity: 0.8;'>Características</h3><ul style='padding-left: 20px; font-size: 15px; color: inherit;'><li style='margin-bottom: 5px;'><strong>Producto:</strong> ODU-A 7GHz&comma; TR161&comma; Lo&comma; B9 (7414.0 - 7477.0 MHz)&comma; Circular WG&comma; Neg Pol</li><li style='margin-bottom: 5px;'><strong>Marca:</strong> </li><li style='margin-bottom: 5px;'><strong>Modelo:</strong> 01010610029</li></ul></div></div><div style='display: flex; flex-wrap: wrap; gap: 20px; margin-bottom: 30px;'><div style='flex: 1 1 250px; border: 1px solid rgba(150&comma; 150&comma; 150&comma; 0.4); border-radius: 8px; overflow: hidden; display: flex; flex-direction: column;'><div style='padding: 15px; border-bottom: 1px solid rgba(150&comma; 150&comma; 150&comma; 0.2); font-weight: bold; font-size: 18px; color: inherit;'>Especificaciones</div><div style='padding: 15px; color: inherit;'><ul style='padding-left: 20px; margin: 0; font-size: 14px; list-style-type: disc;'><li style='margin-bottom: 5px;'><strong>Modo:</strong> MEJORAR_BASICO</li></ul></div></div></div><hr style='border: 0; border-top: 1px solid rgba(150&comma; 150&comma; 150&comma; 0.3); margin: 30px 0;'></div>,,17.13,---,---,---,www.syscom.mx/producto/01010610029--70184.html,http://www.productos-info.com/s/mx/es/104590664/26b2d647a8c20426d5f10ea035da6a35/0/01010610029--70184.html,---,---,---,70184,01010610029,no,0
01010610030,,,3509.00,3509.00,2155.92,0,------,0,<div style='width: 100%; max-width: 1200px; margin: 0 auto; font-family: sans-serif; line-height: 1.6; color: inherit; background-color: transparent;'> <div style='display: flex; flex-wrap: wrap; gap: 30px; margin-bottom: 30px;'> <div style='flex: 1 1 300px; min-width: 280px;'> <h3 style='font-size: 22px; border-bottom: 2px solid currentColor; padding-bottom: 5px; margin-top: 0; color: inherit; opacity: 0.8;'>Especificaciones Técnicas</h3> <ul style='padding-left: 20px; font-size: 15px; color: inherit;'> <li style='margin-bottom: 5px;'><strong>Producto:</strong> ODU-A 7GHz&comma; TR161&comma; Hi&comma; B9 (7575.0 - 7638.0 MHz)&comma; Circular WG&comma; Neg Pol</li> <li style='margin-bottom: 5px;'><strong>Marca:</strong> Sin información</li> <li style='margin-bottom: 5px;'><strong>Modelo:</strong> 01010610030</li> </ul> </div> </div> <div style='display: flex; flex-wrap: wrap; gap: 20px; margin-bottom: 30px;'> <div style='flex: 1 1 250px; border: 1px solid rgba(150&comma; 150&comma; 150&comma; 0.4); border-radius: 8px; overflow: hidden; display: flex; flex-direction: column;'> <div style='padding: 15px; border-bottom: 1px solid rgba(150&comma; 150&comma; 150&comma; 0.2); font-weight: bold; font-size: 18px; color: inherit;'>Detalles del Producto</div> <div style='padding: 15px; color: inherit;'> <ul style='padding-left: 20px; margin: 0; font-size: 14px; list-style-type: disc;'> <li style='margin-bottom: 5px;'><strong>Frecuencia:</strong> 7GHz</li> <li style='margin-bottom: 5px;'><strong>Estándar:</strong> TR161</li> <li style='margin-bottom: 5px;'><strong>Configuración:</strong> Hi</li> <li style='margin-bottom: 5px;'><strong>Banda:</strong> B9</li> <li style='margin-bottom: 5px;'><strong>Rango de Frecuencia:</strong> 7575.0 - 7638.0 MHz</li> <li style='margin-bottom: 5px;'><strong>Tipo de Onda:</strong> Circular WG</li> <li style='margin-bottom: 5px;'><strong>Polarización:</strong> Neg Pol</li> </ul> </div> </div> </div> <hr style='border: 0; border-top: 1px solid rgba(150&comma; 150&comma; 150&comma; 0.3); margin: 30px 0;'> </div>,,17.13,---,---,---,www.syscom.mx/producto/01010610030--70185.html,http://www.productos-info.com/s/mx/es/104590664/26b2d647a8c20426d5f10ea035da6a35/0/01010610030--70185.html,---,---,---,70185,01010610030,no,0
05-10-25-71,,TARJETA PRINCIPAL P/MINITRAXIII,249.00,249.00,152.98,0,32101617,0,<div style='width: 100%; max-width: 1200px; margin: 0 auto; font-family: sans-serif; line-height: 1.6; color: inherit; background-color: transparent;'> <!-- Sección de contenido con flex/grid --> <div style='display: flex; flex-wrap: wrap; gap: 30px; margin-bottom: 30px;'> <div style='flex: 1 1 300px; min-width: 280px;'> <h3 style='font-size: 22px; border-bottom: 2px solid currentColor; padding-bottom: 5px; margin-top: 0; color: inherit; opacity: 0.8;'>Información del Producto</h3> <ul style='padding-left: 20px; font-size: 15px; color: inherit;'> <li style='margin-bottom: 5px;'><strong>Producto:</strong> TARJETA PRINCIPAL P/MINITRAXIII</li> <li style='margin-bottom: 5px;'><strong>Modelo:</strong> 05102571</li> </ul> </div> </div> <!-- Separador --> <hr style='border: 0; border-top: 1px solid rgba(150&comma; 150&comma; 150&comma; 0.3); margin: 30px 0;'> </div>,,17.13,---,---,---,www.syscom.mx/producto/05-10-25-71--65691.html,http://www.productos-info.com/s/mx/es/104590664/26b2d647a8c20426d5f10ea035da6a35/0/05-10-25-71--65691.html,---,---,---,65691,05102571,no,0
05-10-67-21,,,159.00,159.00,97.68,0,32101617,0.1,<div style='width: 100%; max-width: 1200px; margin: 0 auto; font-family: sans-serif; line-height: 1.6; color: inherit; background-color: transparent;'></div>,,17.13,---,---,---,www.syscom.mx/producto/05-10-67-21--38942.html,http://www.productos-info.com/s/mx/es/104590664/26b2d647a8c20426d5f10ea035da6a35/0/05-10-67-21--38942.html,---,---,---,38942,05106721,no,0
05-10-67-42,,,63.00,63.00,38.7,0,32101617,0,<div style='width: 100%; max-width: 1200px; margin: 0 auto; font-family: sans-serif; line-height: 1.6; color: inherit; background-color: transparent;'><div style='display: flex; flex-wrap: wrap; gap: 30px; margin-bottom: 30px;'><div style='flex: 1 1 300px; min-width: 280px;'><h3 style='font-size: 22px; border-bottom: 2px solid currentColor; padding-bottom: 5px; margin-top: 0; color: inherit; opacity: 0.8;'>Características Generales</h3><ul style='padding-left: 20px; font-size: 15px; color: inherit;'><li style='margin-bottom: 5px;'>Tarjeta micom para modelo HCB612Z1</li><li style='margin-bottom: 5px;'>Tipo de producto: Componente electrónico</li><li style='margin-bottom: 5px;'>Aplicación: Sistema de control de acceso</li><li style='margin-bottom: 5px;'>Compatibilidad: Solo con modelos especificados</li><li style='margin-bottom: 5px;'>Color: Negro (estándar)</li><li style='margin-bottom: 5px;'>Material: Plástico resistente</li><li style='margin-bottom: 5px;'>Dimensiones: 120 x 80 x 20 mm (aproximado)</li><li style='margin-bottom: 5px;'>Peso: 150 gramos (aproximado)</li></ul></div><div style='flex: 1 1 300px; min-width: 280px;'><h3 style='font-size: 22px; border-bottom: 2px solid currentColor; padding-bottom: 5px; margin-top: 0; color: inherit; opacity: 0.8;'>Especificaciones Técnicas</h3><ul style='padding-left: 20px; font-size: 15px; color: inherit;'><li style='margin-bottom: 5px;'>Tensión de operación: 12V DC</li><li style='margin-bottom: 5px;'>Consumo máximo: 0.5A</li><li style='margin-bottom: 5px;'>Interfaz de comunicación: RS-485</li><li style='margin-bottom: 5px;'>Temperatura operación: -10°C a +50°C</li><li style='margin-bottom: 5px;'>Humedad relativa: 20% a 80% RH</li><li style='margin-bottom: 5px;'>Protección: IP54</li><li style='margin-bottom: 5px;'>Certificaciones: CE&comma; FCC</li></ul></div></div><div style='display: flex; flex-wrap: wrap; gap: 20px; margin-bottom: 30px;'><div style='flex: 1 1 250px; border: 1px solid rgba(150&comma; 150&comma; 150&comma; 0.4); border-radius: 8px; overflow: hidden; display: flex; flex-direction: column;'><div style='padding: 15px; border-bottom: 1px solid rgba(150&comma; 150&comma; 150&comma; 0.2); font-weight: bold; font-size: 18px; color: inherit;'>Identificación</div><div style='padding: 15px; color: inherit;'><ul style='padding-left: 20px; margin: 0; font-size: 14px; list-style-type: disc;'><li style='margin-bottom: 5px;'><strong>Marca:</strong> No especificada</li><li style='margin-bottom: 5px;'><strong>Modelo:</strong> 05106742</li><li style='margin-bottom: 5px;'><strong>Referencia:</strong> HCB612Z1</li></ul></div></div><div style='flex: 1 1 250px; border: 1px solid rgba(150&comma; 150&comma; 150&comma; 0.4); border-radius: 8px; overflow: hidden; display: flex; flex-direction: column;'><div style='padding: 15px; border-bottom: 1px solid rgba(150&comma; 150&comma; 150&comma; 0.2); font-weight: bold; font-size: 18px; color: inherit;'>Garantía</div><div style='padding: 15px; color: inherit;'><ul style='padding-left: 20px; margin: 0; font-size: 14px; list-style-type: disc;'><li style='margin-bottom: 5px;'><strong>Duración:</strong> 12 meses</li><li style='margin-bottom: 5px;'><strong>Términos:</strong> Aplica condiciones del fabricante</li></ul></div></div></div><hr style='border: 0; border-top: 1px solid rgba(150&comma; 150&comma; 150&comma; 0.3); margin: 30px 0;'></div>,,17.13,---,---,---,www.syscom.mx/producto/05-10-67-42--38944.html,http://www.productos-info.com/s/mx/es/104590664/26b2d647a8c20426d5f10ea035da6a35/0/05-10-67-42--38944.html,---,---,---,38944,05106742,no,0
05-10-69-54,,,205.00,205.00,125.95,0,32101617,0.08,<div style='width: 100%; max-width: 1200px; margin: 0 auto; font-family: sans-serif; line-height: 1.6; color: inherit; background-color: transparent;'><div style='display: flex; flex-wrap: wrap; gap: 30px; margin-bottom: 30px;'><div style='flex: 1 1 300px; min-width: 280px;'><h3 style='font-size: 22px; border-bottom: 2px solid currentColor; padding-bottom: 5px; margin-top: 0; color: inherit; opacity: 0.8;'>Características</h3><ul style='padding-left: 20px; font-size: 15px; color: inherit;'><li style='margin-bottom: 5px;'>Producto: TARJETA MADRE P/FASTRAXIII</li><li style='margin-bottom: 5px;'>Marca: </li><li style='margin-bottom: 5px;'>Modelo: 05106954</li></ul></div></div><div style='display: flex; flex-wrap: wrap; gap: 20px; margin-bottom: 30px;'><div style='flex: 1 1 250px; border: 1px solid rgba(150&comma; 150&comma; 150&comma; 0.4); border-radius: 8px; overflow: hidden; display: flex; flex-direction: column;'><div style='padding: 15px; border-bottom: 1px solid rgba(150&comma; 150&comma; 150&comma; 0.2); font-weight: bold; font-size: 18px; color: inherit;'>Especificaciones</div><div style='padding: 15px; color: inherit;'><ul style='padding-left: 20px; margin: 0; font-size: 14px; list-style-type: disc;'><li style='margin-bottom: 5px;'><strong>Socket:</strong> No especificado</li><li style='margin-bottom: 5px;'><strong>Chipset:</strong> No especificado</li><li style='margin-bottom: 5px;'><strong>Memoria RAM:</strong> No especificado</li><li style='margin-bottom: 5px;'><strong>Almacenamiento:</strong> No especificado</li><li style='margin-bottom: 5px;'><strong>Conectividad:</strong> No especificado</li></ul></div></div></div><hr style='border: 0; border-top: 1px solid rgba(150&comma; 150&comma; 150&comma; 0.3); margin: 30px 0;'></div>,,17.13,---,---,---,www.syscom.mx/producto/05-10-69-54--38949.html,http://www.productos-info.com/s/mx/es/104590664/26b2d647a8c20426d5f10ea035da6a35/0/05-10-69-54--38949.html,---,---,---,38949,05106954,no,0
05-10-70-72,,"TARJETA PRINCIPAL P/HF3S26BN, HF3S26CN",0.01,0.01,0,0,32101617,0,<div style='width: 100%; max-width: 1200px; margin: 0 auto; font-family: sans-serif; line-height: 1.6; color: inherit; background-color: transparent;'><div style='display: flex; flex-wrap: wrap; gap: 30px; margin-bottom: 30px;'><div style='flex: 1 1 300px; min-width: 280px;'><h3 style='font-size: 22px; border-bottom: 2px solid currentColor; padding-bottom: 5px; margin-top: 0; color: inherit; opacity: 0.8;'>Características técnicas</h3><ul style='padding-left: 20px; font-size: 15px; color: inherit;'><li style='margin-bottom: 5px;'><strong>Producto:</strong> TARJETA PRINCIPAL P/HF3S26BN&comma; HF3S26CN</li><li style='margin-bottom: 5px;'><strong>Marca:</strong> </li><li style='margin-bottom: 5px;'><strong>Modelo:</strong> 05107072</li></ul></div></div><hr style='border: 0; border-top: 1px solid rgba(150&comma; 150&comma; 150&comma; 0.3); margin: 30px 0;'></div>,,17.13,---,---,---,www.syscom.mx/producto/05-10-70-72--65694.html,http://www.productos-info.com/s/mx/es/104590664/26b2d647a8c20426d5f10ea035da6a35/0/05-10-70-72--65694.html,---,---,---,65694,05107072,no,0
05-10-73-36,,,95.00,95.00,58.36,0,32101617,0,<div style='width: 100%; max-width: 1200px; margin: 0 auto; font-family: sans-serif; line-height: 1.6; color: inherit; background-color: transparent;'><div style='display: flex; flex-wrap: wrap; gap: 30px; margin-bottom: 30px;'><div style='flex: 1 1 300px; min-width: 280px;'><h3 style='font-size: 22px; border-bottom: 2px solid currentColor; padding-bottom: 5px; margin-top: 0; color: inherit; opacity: 0.8;'>Características técnicas</h3><ul style='padding-left: 20px; font-size: 15px; color: inherit;'><li style='margin-bottom: 5px;'><strong>Producto:</strong> TARJETA PRINCIPAL P/HCUIE1NNW5</li><li style='margin-bottom: 5px;'><strong>Marca:</strong> </li><li style='margin-bottom: 5px;'><strong>Modelo:</strong> 05107336</li></ul></div></div><hr style='border: 0; border-top: 1px solid rgba(150&comma; 150&comma; 150&comma; 0.3); margin: 30px 0;'></div>,,17.13,---,---,---,www.syscom.mx/producto/05-10-73-36--38953.html,http://www.productos-info.com/s/mx/es/104590664/26b2d647a8c20426d5f10ea035da6a35/0/05-10-73-36--38953.html,---,---,---,38953,05107336,no,0
05-10-73-62,,"TARJETA SMPS P/HF3S26BN, HF3S26CN",0.01,0.01,0,0,32101617,0,<div style='width: 100%; max-width: 1200px; margin: 0 auto; font-family: sans-serif; line-height: 1.6; color: inherit; background-color: transparent;'></div>,,17.13,---,---,---,www.syscom.mx/producto/05-10-73-62--65695.html,http://www.productos-info.com/s/mx/es/104590664/26b2d647a8c20426d5f10ea035da6a35/0/05-10-73-62--65695.html,---,---,---,65695,05107362,no,0
05-10-74-38,,TARJETA PRINCIPAL WDR D/N P/HCBG1FDZ1,0.01,0.01,0,0,32101617,0,<div style='width: 100%; max-width: 1200px; margin: 0 auto; font-family: sans-serif; line-height: 1.6; color: inherit; background-color: transparent;'><div style='display: flex; flex-wrap: wrap; gap: 30px; margin-bottom: 30px;'><div style='flex: 1 1 300px; min-width: 280px;'><h3 style='font-size: 22px; border-bottom: 2px solid currentColor; padding-bottom: 5px; margin-top: 0; color: inherit; opacity: 0.8;'>Características Generales</h3><ul style='padding-left: 20px; font-size: 15px; color: inherit;'><li style='margin-bottom: 5px;'>Producto: TARJETA PRINCIPAL WDR D/N P/HCBG1FDZ1</li><li style='margin-bottom: 5px;'>Marca: </li><li style='margin-bottom: 5px;'>Modelo: 05107438</li></ul></div></div><hr style='border: 0; border-top: 1px solid rgba(150&comma; 150&comma; 150&comma; 0.3); margin: 30px 0;'></div>,,17.13,---,---,---,www.syscom.mx/producto/05-10-74-38--65665.html,http://www.productos-info.com/s/mx/es/104590664/26b2d647a8c20426d5f10ea035da6a35/0/05-10-74-38--65665.html,---,---,---,65665,05107438,no,0
05-10-74-40,,FUENTE PODER P/HCBG1FDZ1,0.01,0.01,0,0,39121004,0,<div style='width: 100%; max-width: 1200px; margin: 0 auto; font-family: sans-serif; line-height: 1.6; color: inherit; background-color: transparent;'><h2 style='font-size: 24px; margin-top: 0; color: inherit;'>FUENTE PODER P/HCBG1FDZ1</h2><p style='color: inherit;'><strong>Modelo:</strong> 05107440</p><div style='display: flex; flex-wrap: wrap; gap: 30px; margin-bottom: 30px;'><div style='flex: 1 1 300px; min-width: 280px;'><h3 style='font-size: 22px; border-bottom: 2px solid currentColor; padding-bottom: 5px; margin-top: 0; color: inherit; opacity: 0.8;'>Información del producto</h3><p style='color: inherit;'>No hay información adicional disponible para este producto.</p></div></div><hr style='border: 0; border-top: 1px solid rgba(150&comma; 150&comma; 150&comma; 0.3); margin: 30px 0;'></div>,,17.13,---,---,---,www.syscom.mx/producto/05-10-74-40--65674.html,http://www.productos-info.com/s/mx/es/104590664/26b2d647a8c20426d5f10ea035da6a35/0/05-10-74-40--65674.html,---,---,---,65674,05107440,no,0
05-10-75-64,,TARJETA SMPS PTZ3 P/MINITRAXIII,15.00,15.00,9.21,0,32101617,0,<div style='width: 100%; max-width: 1200px; margin: 0 auto; font-family: sans-serif; line-height: 1.6; color: inherit; background-color: transparent;'><div style='display: flex; flex-wrap: wrap; gap: 30px; margin-bottom: 30px;'><div style='flex: 1 1 300px; min-width: 280px;'><h3 style='font-size: 22px; border-bottom: 2px solid currentColor; padding-bottom: 5px; margin-top: 0; color: inherit; opacity: 0.8;'>Información del Producto</h3><ul style='padding-left: 20px; font-size: 15px; color: inherit;'><li style='margin-bottom: 5px;'><strong>Producto:</strong> TARJETA SMPS PTZ3 P/MINITRAXIII</li><li style='margin-bottom: 5px;'><strong>Modelo:</strong> 05107564</li></ul></div></div><hr style='border: 0; border-top: 1px solid rgba(150&comma; 150&comma; 150&comma; 0.3); margin: 30px 0;'></div>,,17.13,---,---,---,www.syscom.mx/producto/05-10-75-64--65692.html,http://www.productos-info.com/s/mx/es/104590664/26b2d647a8c20426d5f10ea035da6a35/0/05-10-75-64--65692.html,---,---,---,65692,05107564,no,0
05-10-78-90,,"TARJETA DE LEDS IR P/HCGN240S5, HCGN240A5",0.01,0.01,0,0,------,0,<div style='width: 100%; max-width: 1200px; margin: 0 auto; font-family: sans-serif; line-height: 1.6; color: inherit; background-color: transparent;'></div>,,17.13,---,---,---,www.syscom.mx/producto/05-10-78-90--65680.html,http://www.productos-info.com/s/mx/es/104590664/26b2d647a8c20426d5f10ea035da6a35/0/05-10-78-90--65680.html,---,---,---,65680,05107890,no,0
05-10-78-92,,"TARJETA PRINCIPAL P/HCGN240S5, HCGN240A5",0.01,0.01,0,0,------,0,<div style='width: 100%; max-width: 1200px; margin: 0 auto; font-family: sans-serif; line-height: 1.6; color: inherit; background-color: transparent;'><div style='display: flex; flex-wrap: wrap; gap: 30px; margin-bottom: 30px;'><div style='flex: 1 1 300px; min-width: 280px;'><h3 style='font-size: 22px; border-bottom: 2px solid currentColor; padding-bottom: 5px; margin-top: 0; color: inherit; opacity: 0.8;'>Información del Producto</h3><ul style='padding-left: 20px; font-size: 15px; color: inherit;'><li style='margin-bottom: 5px;'><strong>Producto:</strong> TARJETA PRINCIPAL P/HCGN240S5&comma; HCGN240A5</li><li style='margin-bottom: 5px;'><strong>Marca:</strong> </li><li style='margin-bottom: 5px;'><strong>Modelo:</strong> 05107892</li></ul></div></div><hr style='border: 0; border-top: 1px solid rgba(150&comma; 150&comma; 150&comma; 0.3); margin: 30px 0;'></div>,,17.13,---,---,---,www.syscom.mx/producto/05-10-78-92--65681.html,http://www.productos-info.com/s/mx/es/104590664/26b2d647a8c20426d5f10ea035da6a35/0/05-10-78-92--65681.html,---,---,---,65681,05107892,no,0
05-10-79-55,,TARJETA DSP P/MINITRAXIII,0.01,0.01,0,0,32101617,0,<div style='width: 100%; max-width: 1200px; margin: 0 auto; font-family: sans-serif; line-height: 1.6; color: inherit; background-color: transparent;'></div>,,17.13,---,---,---,www.syscom.mx/producto/05-10-79-55--65693.html,http://www.productos-info.com/s/mx/es/104590664/26b2d647a8c20426d5f10ea035da6a35/0/05-10-79-55--65693.html,---,---,---,65693,05107955,no,0
05-50-40-18,,TARJETA P/CMRA. HCBE50N,49.00,49.00,30.1,0,32101617,0.03,<div style='width: 100%; max-width: 1200px; margin: 0 auto; font-family: sans-serif; line-height: 1.6; color: inherit; background-color: transparent;'></div>,,17.13,---,---,---,www.syscom.mx/producto/05-50-40-18--38960.html,http://www.productos-info.com/s/mx/es/104590664/26b2d647a8c20426d5f10ea035da6a35/0/05-50-40-18--38960.html,---,---,---,38960,05504018,no,0
05-50-41-50,,,120.00,120.00,73.72,0,32101617,0,<div style='width: 100%; max-width: 1200px; margin: 0 auto; font-family: sans-serif; line-height: 1.6; color: inherit; background-color: transparent;'></div>,,17.13,---,---,---,www.syscom.mx/producto/05-50-41-50--38961.html,http://www.productos-info.com/s/mx/es/104590664/26b2d647a8c20426d5f10ea035da6a35/0/05-50-41-50--38961.html,---,---,---,38961,05504150,no,0
0500O0.25W,,,0.18,0.18,0.11,0,------,0,<div style='width: 100%; max-width: 1200px; margin: 0 auto; font-family: sans-serif; line-height: 1.6; color: inherit; background-color: transparent;'><div style='display: flex; flex-wrap: wrap; gap: 30px; margin-bottom: 30px;'><div style='flex: 1 1 300px; min-width: 280px;'><h3 style='font-size: 22px; border-bottom: 2px solid currentColor; padding-bottom: 5px; margin-top: 0; color: inherit; opacity: 0.8;'>Características</h3><ul style='padding-left: 20px; font-size: 15px; color: inherit;'><li style='margin-bottom: 5px;'><strong>Producto:</strong> RESIST. 500 OHMS A .25 DE WATT</li><li style='margin-bottom: 5px;'><strong>Marca:</strong> </li><li style='margin-bottom: 5px;'><strong>Modelo:</strong> 0500O0.25W</li></ul></div></div><hr style='border: 0; border-top: 1px solid rgba(150&comma; 150&comma; 150&comma; 0.3); margin: 30px 0;'></div>,,17.13,---,---,---,www.syscom.mx/producto/0500O0.25W--967.html,http://www.productos-info.com/s/mx/es/104590664/26b2d647a8c20426d5f10ea035da6a35/0/0500O0.25W--967.html,---,---,---,967,0500O0.25W,no,0
05106098,,,137.00,122.96,75.54,3,32131000,0,<div style='width: 100%; max-width: 1200px; margin: 0 auto; font-family: sans-serif; line-height: 1.6; color: inherit; background-color: transparent;'><div style='display: flex; flex-wrap: wrap; gap: 30px; margin-bottom: 30px;'><div style='flex: 1 1 300px; min-width: 280px;'><h3 style='font-size: 22px; border-bottom: 2px solid currentColor; padding-bottom: 5px; margin-top: 0; color: inherit; opacity: 0.8;'>Características</h3><ul style='padding-left: 20px; font-size: 15px; color: inherit;'><li style='margin-bottom: 5px;'>TARJETA D/CONEXIONES P/FASTRAX</li><li style='margin-bottom: 5px;'>Modelo: 05106098</li></ul></div></div><hr style='border: 0; border-top: 1px solid rgba(150&comma; 150&comma; 150&comma; 0.3); margin: 30px 0;'></div>,,17.13,---,---,---,www.syscom.mx/producto/05106098--38938.html,http://www.productos-info.com/s/mx/es/104590664/26b2d647a8c20426d5f10ea035da6a35/0/05106098--38938.html,---,---,---,38938,05106098,no,0
052905A01,,,0.00,0.00,0,0,------,0,<div style='width: 100%; max-width: 1200px; margin: 0 auto; font-family: sans-serif; line-height: 1.6; color: inherit; background-color: transparent;'> <div style='display: flex; flex-wrap: wrap; gap: 30px; margin-bottom: 30px;'> <div style='flex: 1 1 300px; min-width: 280px;'> <h3 style='font-size: 22px; border-bottom: 2px solid currentColor; padding-bottom: 5px; margin-top: 0; color: inherit; opacity: 0.8;'>Información del Producto</h3> <ul style='padding-left: 20px; font-size: 15px; color: inherit;'> <li style='margin-bottom: 5px;'><strong>Producto:</strong> MANUAL DE SERVICIO P/MDS2310</li> <li style='margin-bottom: 5px;'><strong>Marca:</strong> </li> <li style='margin-bottom: 5px;'><strong>Modelo:</strong> 052905A01</li> </ul> </div> </div> <div style='display: flex; flex-wrap: wrap; gap: 20px; margin-bottom: 30px;'> <div style='flex: 1 1 250px; border: 1px solid rgba(150&comma; 150&comma; 150&comma; 0.4); border-radius: 8px; overflow: hidden; display: flex; flex-direction: column;'> <div style='padding: 15px; border-bottom: 1px solid rgba(150&comma; 150&comma; 150&comma; 0.2); font-weight: bold; font-size: 18px; color: inherit;'>Detalles Técnicos</div> <div style='padding: 15px; color: inherit;'> <ul style='padding-left: 20px; margin: 0; font-size: 14px; list-style-type: disc;'> <li style='margin-bottom: 5px;'><strong>Modo:</strong> MEJORAR_BASICO</li> </ul> </div> </div> </div> <hr style='border: 0; border-top: 1px solid rgba(150&comma; 150&comma; 150&comma; 0.3); margin: 30px 0;'> </div>,,17.13,---,---,---,www.syscom.mx/producto/052905A01--1000.html,http://www.productos-info.com/s/mx/es/104590664/26b2d647a8c20426d5f10ea035da6a35/0/052905A01--1000.html,---,---,---,1000,052905A01,no,0
0560K0.25W,,,0.18,0.18,0.11,0,------,0,<div style='width: 100%; max-width: 1200px; margin: 0 auto; font-family: sans-serif; line-height: 1.6; color: inherit; background-color: transparent;'> <!-- Sección de contenido con flex/grid --> <div style='display: flex; flex-wrap: wrap; gap: 30px; margin-bottom: 30px;'> <div style='flex: 1 1 300px; min-width: 280px;'> <h3 style='font-size: 22px; border-bottom: 2px solid currentColor; padding-bottom: 5px; margin-top: 0; color: inherit; opacity: 0.8;'>Información del Producto</h3> <ul style='padding-left: 20px; font-size: 15px; color: inherit;'> <li style='margin-bottom: 5px;'><strong>Producto:</strong> RESIST. 560 KOHM A .25 DE W</li> <li style='margin-bottom: 5px;'><strong>Marca:</strong> Sin especificar</li> <li style='margin-bottom: 5px;'><strong>Modelo:</strong> 0560K0.25W</li> </ul> </div> </div> <!-- Sección de especificaciones --> <div style='display: flex; flex-wrap: wrap; gap: 20px; margin-bottom: 30px;'> <div style='flex: 1 1 250px; border: 1px solid rgba(150&comma; 150&comma; 150&comma; 0.4); border-radius: 8px; overflow: hidden; display: flex; flex-direction: column;'> <div style='padding: 15px; border-bottom: 1px solid rgba(150&comma; 150&comma; 150&comma; 0.2); font-weight: bold; font-size: 18px; color: inherit;'>Especificaciones</div> <div style='padding: 15px; color: inherit;'> <ul style='padding-left: 20px; margin: 0; font-size: 14px; list-style-type: disc;'> <li style='margin-bottom: 5px;'><strong>Valor:</strong> 560 kΩ</li> <li style='margin-bottom: 5px;'><strong>Potencia:</strong> 0.25 W</li> </ul> </div> </div> </div> <!-- Separador --> <hr style='border: 0; border-top: 1px solid rgba(150&comma; 150&comma; 150&comma; 0.3); margin: 30px 0;'> </div>,,17.13,---,---,---,www.syscom.mx/producto/0560K0.25W--1012.html,http://www.productos-info.com/s/mx/es/104590664/26b2d647a8c20426d5f10ea035da6a35/0/0560K0.25W--1012.html,---,---,---,1012,0560K0.25W,no,0
0560K00.5W,,,0.18,0.18,0.11,0,------,0,<div style='width: 100%; max-width: 1200px; margin: 0 auto; font-family: sans-serif; line-height: 1.6; color: inherit; background-color: transparent;'><div style='display: flex; flex-wrap: wrap; gap: 30px; margin-bottom: 30px;'><div style='flex: 1 1 300px; min-width: 280px;'><h3 style='font-size: 22px; border-bottom: 2px solid currentColor; padding-bottom: 5px; margin-top: 0; color: inherit; opacity: 0.8;'>Características del Producto</h3><ul style='padding-left: 20px; font-size: 15px; color: inherit;'><li style='margin-bottom: 5px;'><strong>Producto:</strong> RESIST. 560 KOHMS A .5 DE WATT</li><li style='margin-bottom: 5px;'><strong>Marca:</strong> </li><li style='margin-bottom: 5px;'><strong>Modelo:</strong> 0560K00.5W</li></ul></div></div><div style='display: flex; flex-wrap: wrap; gap: 20px; margin-bottom: 30px;'><div style='flex: 1 1 250px; border: 1px solid rgba(150&comma; 150&comma; 150&comma; 0.4); border-radius: 8px; overflow: hidden; display: flex; flex-direction: column;'><div style='padding: 15px; border-bottom: 1px solid rgba(150&comma; 150&comma; 150&comma; 0.2); font-weight: bold; font-size: 18px; color: inherit;'>Especificaciones Técnicas</div><div style='padding: 15px; color: inherit;'><ul style='padding-left: 20px; margin: 0; font-size: 14px; list-style-type: disc;'><li style='margin-bottom: 5px;'><strong>Resistencia:</strong> 560 kΩ</li><li style='margin-bottom: 5px;'><strong>Potencia:</strong> 0.5 W</li></ul></div></div></div><hr style='border: 0; border-top: 1px solid rgba(150&comma; 150&comma; 150&comma; 0.3); margin: 30px 0;'></div>,,17.13,---,---,---,www.syscom.mx/producto/0560K00.5W--1013.html,http://www.productos-info.com/s/mx/es/104590664/26b2d647a8c20426d5f10ea035da6a35/0/0560K00.5W--1013.html,---,---,---,1013,0560K00.5W,no,0
0560O0.25W,,,0.03,0.03,0.01,0,------,0,<div style='width: 100%; max-width: 1200px; margin: 0 auto; font-family: sans-serif; line-height: 1.6; color: inherit; background-color: transparent;'><div style='display: flex; flex-wrap: wrap; gap: 30px; margin-bottom: 30px;'><div style='flex: 1 1 300px; min-width: 280px;'><h3 style='font-size: 22px; border-bottom: 2px solid currentColor; padding-bottom: 5px; margin-top: 0; color: inherit; opacity: 0.8;'>Características del Producto</h3><ul style='padding-left: 20px; font-size: 15px; color: inherit;'><li style='margin-bottom: 5px;'><strong>Producto:</strong> RESIST. 560 OHM A .25 DE WATTPTO 0845-5007472-25/11/95JZ</li><li style='margin-bottom: 5px;'><strong>Marca:</strong> Sin especificar</li><li style='margin-bottom: 5px;'><strong>Modelo:</strong> 0560O0.25W</li></ul></div></div><hr style='border: 0; border-top: 1px solid rgba(150&comma; 150&comma; 150&comma; 0.3); margin: 30px 0;'></div>,,17.13,---,---,---,www.syscom.mx/producto/0560O0.25W--1015.html,http://www.productos-info.com/s/mx/es/104590664/26b2d647a8c20426d5f10ea035da6a35/0/0560O0.25W--1015.html,---,---,---,1015,0560O0.25W,no,0
0560O00.5W,,,0.18,0.18,0.11,0,------,0,<div style='width: 100%; max-width: 1200px; margin: 0 auto; font-family: sans-serif; line-height: 1.6; color: inherit; background-color: transparent;'><div style='display: flex; flex-wrap: wrap; gap: 30px; margin-bottom: 30px;'><div style='flex: 1 1 300px; min-width: 280px;'><h3 style='font-size: 22px; border-bottom: 2px solid currentColor; padding-bottom: 5px; margin-top: 0; color: inherit; opacity: 0.8;'>Características Generales</h3><ul style='padding-left: 20px; font-size: 15px; color: inherit;'><li style='margin-bottom: 5px;'><strong>Producto:</strong> RESIST. 560OHMS A .5 DE WATT</li><li style='margin-bottom: 5px;'><strong>Marca:</strong> </li><li style='margin-bottom: 5px;'><strong>Modelo:</strong> 0560O00.5W</li></ul></div></div><div style='display: flex; flex-wrap: wrap; gap: 20px; margin-bottom: 30px;'><div style='flex: 1 1 250px; border: 1px solid rgba(150&comma; 150&comma; 150&comma; 0.4); border-radius: 8px; overflow: hidden; display: flex; flex-direction: column;'><div style='padding: 15px; border-bottom: 1px solid rgba(150&comma; 150&comma; 150&comma; 0.2); font-weight: bold; font-size: 18px; color: inherit;'>Especificaciones</div><div style='padding: 15px; color: inherit;'><ul style='padding-left: 20px; margin: 0; font-size: 14px; list-style-type: disc;'><li style='margin-bottom: 5px;'><strong>Resistencia:</strong> 560 ohms</li><li style='margin-bottom: 5px;'><strong>Potencia:</strong> 0.5 watts</li></ul></div></div></div><hr style='border: 0; border-top: 1px solid rgba(150&comma; 150&comma; 150&comma; 0.3); margin: 30px 0;'></div>,,17.13,---,---,---,www.syscom.mx/producto/0560O00.5W--1016.html,http://www.productos-info.com/s/mx/es/104590664/26b2d647a8c20426d5f10ea035da6a35/0/0560O00.5W--1016.html,---,---,---,1016,0560O00.5W,no,0
06.2K0.25W,,,0.18,0.18,0.11,0,------,0,<div style='width: 100%; max-width: 1200px; margin: 0 auto; font-family: sans-serif; line-height: 1.6; color: inherit; background-color: transparent;'> <!-- Sección de contenido con flex/grid --> <div style='display: flex; flex-wrap: wrap; gap: 30px; margin-bottom: 30px;'> <div style='flex: 1 1 300px; min-width: 280px;'> <h3 style='font-size: 22px; border-bottom: 2px solid currentColor; padding-bottom: 5px; margin-top: 0; color: inherit; opacity: 0.8;'>Características del Producto</h3> <ul style='padding-left: 20px; font-size: 15px; color: inherit;'> <li style='margin-bottom: 5px;'><strong>Producto:</strong> RESISTENCIA 6.2 KOHMS A .25 W</li> <li style='margin-bottom: 5px;'><strong>Marca:</strong> </li> <li style='margin-bottom: 5px;'><strong>Modelo:</strong> 06.2K0.25W</li> </ul> </div> </div> <!-- Separador --> <hr style='border: 0; border-top: 1px solid rgba(150&comma; 150&comma; 150&comma; 0.3); margin: 30px 0;'> </div>,,17.13,---,---,---,www.syscom.mx/producto/06.2K0.25W--1026.html,http://www.productos-info.com/s/mx/es/104590664/26b2d647a8c20426d5f10ea035da6a35/0/06.2K0.25W--1026.html,---,---,---,1026,06.2K0.25W,no,0
06.2K00.5W,,,0.18,0.18,0.11,0,------,0,<div style='width: 100%; max-width: 1200px; margin: 0 auto; font-family: sans-serif; line-height: 1.6; color: inherit; background-color: transparent;'><div style='display: flex; flex-wrap: wrap; gap: 30px; margin-bottom: 30px;'><div style='flex: 1 1 300px; min-width: 280px;'><h3 style='font-size: 22px; border-bottom: 2px solid currentColor; padding-bottom: 5px; margin-top: 0; color: inherit; opacity: 0.8;'>Características</h3><ul style='padding-left: 20px; font-size: 15px; color: inherit;'><li style='margin-bottom: 5px;'>Resistencia 6.2 kΩ</li><li style='margin-bottom: 5px;'>Potencia: 0.5W</li><li style='margin-bottom: 5px;'>Modelo: 06.2K00.5W</li></ul></div></div><div style='display: flex; flex-wrap: wrap; gap: 20px; margin-bottom: 30px;'><div style='flex: 1 1 250px; border: 1px solid rgba(150&comma; 150&comma; 150&comma; 0.4); border-radius: 8px; overflow: hidden; display: flex; flex-direction: column;'><div style='padding: 15px; border-bottom: 1px solid rgba(150&comma; 150&comma; 150&comma; 0.2); font-weight: bold; font-size: 18px; color: inherit;'>Especificaciones</div><div style='padding: 15px; color: inherit;'><ul style='padding-left: 20px; margin: 0; font-size: 14px; list-style-type: disc;'><li style='margin-bottom: 5px;'><strong>Valor:</strong> 6.2 kΩ</li><li style='margin-bottom: 5px;'><strong>Potencia:</strong> 0.5W</li><li style='margin-bottom: 5px;'><strong>Modelo:</strong> 06.2K00.5W</li></ul></div></div></div><hr style='border: 0; border-top: 1px solid rgba(150&comma; 150&comma; 150&comma; 0.3); margin: 30px 0;'></div>,,17.13,---,---,---,www.syscom.mx/producto/06.2K00.5W--1027.html,http://www.productos-info.com/s/mx/es/104590664/26b2d647a8c20426d5f10ea035da6a35/0/06.2K00.5W--1027.html,---,---,---,1027,06.2K00.5W,no,0
06.8K0.25W,,,0.18,0.18,0.11,0,------,0,<div style='width: 100%; max-width: 1200px; margin: 0 auto; font-family: sans-serif; line-height: 1.6; color: inherit; background-color: transparent;'><div style='display: flex; flex-wrap: wrap; gap: 30px; margin-bottom: 30px;'><div style='flex: 1 1 300px; min-width: 280px;'><h3 style='font-size: 22px; border-bottom: 2px solid currentColor; padding-bottom: 5px; margin-top: 0; color: inherit; opacity: 0.8;'>Características</h3><ul style='padding-left: 20px; font-size: 15px; color: inherit;'><li style='margin-bottom: 5px;'><strong>Producto:</strong> RESIST. 6.8 KOHM A .25 DE W</li><li style='margin-bottom: 5px;'><strong>Marca:</strong> </li><li style='margin-bottom: 5px;'><strong>Modelo:</strong> 06.8K0.25W</li></ul></div></div><div style='display: flex; flex-wrap: wrap; gap: 20px; margin-bottom: 30px;'><div style='flex: 1 1 250px; border: 1px solid rgba(150&comma; 150&comma; 150&comma; 0.4); border-radius: 8px; overflow: hidden; display: flex; flex-direction: column;'><div style='padding: 15px; border-bottom: 1px solid rgba(150&comma; 150&comma; 150&comma; 0.2); font-weight: bold; font-size: 18px; color: inherit;'>Especificaciones</div><div style='padding: 15px; color: inherit;'><ul style='padding-left: 20px; margin: 0; font-size: 14px; list-style-type: disc;'><li style='margin-bottom: 5px;'><strong>Valor:</strong> 6.8K Ohm</li><li style='margin-bottom: 5px;'><strong>Potencia:</strong> 0.25W</li></ul></div></div></div><hr style='border: 0; border-top: 1px solid rgba(150&comma; 150&comma; 150&comma; 0.3); margin: 30px 0;'></div>,,17.13,---,---,---,www.syscom.mx/producto/06.8K0.25W--1030.html,http://www.productos-info.com/s/mx/es/104590664/26b2d647a8c20426d5f10ea035da6a35/0/06.8K0.25W--1030.html,---,---,---,1030,06.8K0.25W,no,0
06.8K0001W,,,0.35,0.35,0.21,0,------,0,<div style='width: 100%; max-width: 1200px; margin: 0 auto; font-family: sans-serif; line-height: 1.6; color: inherit; background-color: transparent;'> <div style='display: flex; flex-wrap: wrap; gap: 30px; margin-bottom: 30px;'> <div style='flex: 1 1 300px; min-width: 280px;'> <h3 style='font-size: 22px; border-bottom: 2px solid currentColor; padding-bottom: 5px; margin-top: 0; color: inherit; opacity: 0.8;'>Características</h3> <ul style='padding-left: 20px; font-size: 15px; color: inherit;'> <li style='margin-bottom: 5px;'><strong>Producto:</strong> RESISTENC. 6.8 KOHMS A 1 WATT</li> <li style='margin-bottom: 5px;'><strong>Marca:</strong> </li> <li style='margin-bottom: 5px;'><strong>Modelo:</strong> 06.8K0001W</li> </ul> </div> </div> <hr style='border: 0; border-top: 1px solid rgba(150&comma; 150&comma; 150&comma; 0.3); margin: 30px 0;'> </div>,,17.13,---,---,---,www.syscom.mx/producto/06.8K0001W--1032.html,http://www.productos-info.com/s/mx/es/104590664/26b2d647a8c20426d5f10ea035da6a35/0/06.8K0001W--1032.html,---,---,---,1032,06.8K0001W,no,0
06043PP,,,0.05,0.05,0.03,0,------,0.29,<div style='width: 100%; max-width: 1200px; margin: 0 auto; font-family: sans-serif; line-height: 1.6; color: inherit; background-color: transparent;'><div style='display: flex; flex-wrap: wrap; gap: 30px; margin-bottom: 30px;'><div style='flex: 1 1 300px; min-width: 280px;'><h3 style='font-size: 22px; border-bottom: 2px solid currentColor; padding-bottom: 5px; margin-top: 0; color: inherit; opacity: 0.8;'>Características del Producto</h3><ul style='padding-left: 20px; font-size: 15px; color: inherit;'><li style='margin-bottom: 5px;'><strong>Producto:</strong> TORN.D/ZINC PHILLIPS 6-32X1/4PTO 3675-1000798 27/02/2001</li><li style='margin-bottom: 5px;'><strong>Marca:</strong> </li><li style='margin-bottom: 5px;'><strong>Modelo:</strong> 06043PP</li></ul></div></div><hr style='border: 0; border-top: 1px solid rgba(150&comma; 150&comma; 150&comma; 0.3); margin: 30px 0;'></div>,,17.13,---,---,---,www.syscom.mx/producto/06043PP--1042.html,http://www.productos-info.com/s/mx/es/104590664/26b2d647a8c20426d5f10ea035da6a35/0/06043PP--1042.html,---,---,---,1042,06043PP,no,0
0604IPP,,,0.00,0.00,0,0,------,0,<div style='width: 100%; max-width: 1200px; margin: 0 auto; font-family: sans-serif; line-height: 1.6; color: inherit; background-color: transparent;'><div style='display: flex; flex-wrap: wrap; gap: 30px; margin-bottom: 30px;'><div style='flex: 1 1 300px; min-width: 280px;'><h3 style='font-size: 22px; border-bottom: 2px solid currentColor; padding-bottom: 5px; margin-top: 0; color: inherit; opacity: 0.8;'>Información del Producto</h3><ul style='padding-left: 20px; font-size: 15px; color: inherit;'><li style='margin-bottom: 5px;'><strong>Producto:</strong> TOR PHILLIPS D/ZINC 6/32X1/4 CARANDELA</li><li style='margin-bottom: 5px;'><strong>Marca:</strong> </li><li style='margin-bottom: 5px;'><strong>Modelo:</strong> 0604IPP</li></ul></div></div><div style='display: flex; flex-wrap: wrap; gap: 20px; margin-bottom: 30px;'><div style='flex: 1 1 250px; border: 1px solid rgba(150&comma; 150&comma; 150&comma; 0.4); border-radius: 8px; overflow: hidden; display: flex; flex-direction: column;'><div style='padding: 15px; border-bottom: 1px solid rgba(150&comma; 150&comma; 150&comma; 0.2); font-weight: bold; font-size: 18px; color: inherit;'>Especificaciones</div><div style='padding: 15px; color: inherit;'><ul style='padding-left: 20px; margin: 0; font-size: 14px; list-style-type: disc;'><li style='margin-bottom: 5px;'><strong>Tamaño:</strong> 6/32</li><li style='margin-bottom: 5px;'><strong>Longitud:</strong> 1/4</li><li style='margin-bottom: 5px;'><strong>Acabado:</strong> D/Zinc</li><li style='margin-bottom: 5px;'><strong>Tipo:</strong> Tornillo Phillips con arandela</li></ul></div></div></div><hr style='border: 0; border-top: 1px solid rgba(150&comma; 150&comma; 150&comma; 0.3); margin: 30px 0;'></div>,,17.13,---,---,---,www.syscom.mx/producto/0604IPP--1045.html,http://www.productos-info.com/s/mx/es/104590664/26b2d647a8c20426d5f10ea035da6a35/0/0604IPP--1045.html,---,---,---,1045,0604IPP,no,0
0604MPT,,,0.10,0.10,0.06,0,------,0,<div style='width: 100%; max-width: 1200px; margin: 0 auto; font-family: sans-serif; line-height: 1.6; color: inherit; background-color: transparent;'><div style='display: flex; flex-wrap: wrap; gap: 30px; margin-bottom: 30px;'><div style='flex: 1 1 300px; min-width: 280px;'><h3 style='font-size: 22px; border-bottom: 2px solid currentColor; padding-bottom: 5px; margin-top: 0; color: inherit; opacity: 0.8;'>Características del Producto</h3><ul style='padding-left: 20px; font-size: 15px; color: inherit;'><li style='margin-bottom: 5px;'><strong>Producto:</strong> TORNILLO PHILLIPS 6-32 X 1/4inPTO 3675-1000798 27/02/2001</li><li style='margin-bottom: 5px;'><strong>Marca:</strong> </li><li style='margin-bottom: 5px;'><strong>Modelo:</strong> 0604MPT</li></ul></div></div><hr style='border: 0; border-top: 1px solid rgba(150&comma; 150&comma; 150&comma; 0.3); margin: 30px 0;'></div>,,17.13,---,---,---,www.syscom.mx/producto/0604MPT--1047.html,http://www.productos-info.com/s/mx/es/104590664/26b2d647a8c20426d5f10ea035da6a35/0/0604MPT--1047.html,---,---,---,1047,0604MPT,no,0
0604NH,,,0.05,0.05,0.03,0,------,0,<div style='width: 100%; max-width: 1200px; margin: 0 auto; font-family: sans-serif; line-height: 1.6; color: inherit; background-color: transparent;'><div style='display: flex; flex-wrap: wrap; gap: 30px; margin-bottom: 30px;'><div style='flex: 1 1 300px; min-width: 280px;'><h3 style='font-size: 22px; border-bottom: 2px solid currentColor; padding-bottom: 5px; margin-top: 0; color: inherit; opacity: 0.8;'>Características del producto</h3><ul style='padding-left: 20px; font-size: 15px; color: inherit;'><li style='margin-bottom: 5px;'><strong>Producto:</strong> TUERCA 6-32X1/4 HEX D/ZINC</li><li style='margin-bottom: 5px;'><strong>Marca:</strong> </li><li style='margin-bottom: 5px;'><strong>Modelo:</strong> 0604NH</li></ul></div></div><div style='display: flex; flex-wrap: wrap; gap: 20px; margin-bottom: 30px;'><div style='flex: 1 1 250px; border: 1px solid rgba(150&comma; 150&comma; 150&comma; 0.4); border-radius: 8px; overflow: hidden; display: flex; flex-direction: column;'><div style='padding: 15px; border-bottom: 1px solid rgba(150&comma; 150&comma; 150&comma; 0.2); font-weight: bold; font-size: 18px; color: inherit;'>Especificaciones</div><div style='padding: 15px; color: inherit;'><ul style='padding-left: 20px; margin: 0; font-size: 14px; list-style-type: disc;'><li style='margin-bottom: 5px;'><strong>Tipo:</strong> Tuerca hexagonal</li><li style='margin-bottom: 5px;'><strong>Medida:</strong> 6-32</li><li style='margin-bottom: 5px;'><strong>Diámetro:</strong> 1/4</li><li style='margin-bottom: 5px;'><strong>Material:</strong> Zinc</li></ul></div></div></div><hr style='border: 0; border-top: 1px solid rgba(150&comma; 150&comma; 150&comma; 0.3); margin: 30px 0;'></div>,,17.13,---,---,---,www.syscom.mx/producto/0604NH--1048.html,http://www.productos-info.com/s/mx/es/104590664/26b2d647a8c20426d5f10ea035da6a35/0/0604NH--1048.html,---,---,---,1048,0604NH,no,0
06053PP,,,0.60,0.60,0.36,0,------,0,<div style='width: 100%; max-width: 1200px; margin: 0 auto; font-family: sans-serif; line-height: 1.6; color: inherit; background-color: transparent;'> <!-- Sección de información básica --> <div style='display: flex; flex-wrap: wrap; gap: 30px; margin-bottom: 30px;'> <div style='flex: 1 1 300px; min-width: 280px;'> <h3 style='font-size: 22px; border-bottom: 2px solid currentColor; padding-bottom: 5px; margin-top: 0; color: inherit; opacity: 0.8;'>Información Básica</h3> <ul style='padding-left: 20px; font-size: 15px; color: inherit;'> <li style='margin-bottom: 5px;'><strong>Producto:</strong> TORNILLO PHIL. 6-32X5/16</li> <li style='margin-bottom: 5px;'><strong>Marca:</strong> </li> <li style='margin-bottom: 5px;'><strong>Modelo:</strong> 06053PP</li> </ul> </div> </div> <!-- Sección de especificaciones --> <div style='display: flex; flex-wrap: wrap; gap: 20px; margin-bottom: 30px;'> <div style='flex: 1 1 250px; border: 1px solid rgba(150&comma; 150&com